,K,LOO,Time
0,1,0.9128450336883286,469.02778720855713
1,2,0.8989350141273637,470.0026526451111
2,3,0.9052379917409259,469.7397880554199
3,4,0.8985003260160834,474.6380293369293
4,5,0.9050206476852858,482.6784453392029
5,6,0.8974136057378831,481.3712658882141
6,7,0.9006737665724842,495.3521192073822
7,8,0.8978482938491632,577.2173821926117
8,9,0.8980656379048033,584.1712293624878
9,10,0.8948054770702021,563.0314433574677
