,K,LOO,Time
0,1,0.8309063247120191,6.752226829528809
1,2,0.8098239513149316,6.7788872718811035
2,3,0.8154748967615736,7.114712476730347
3,4,0.8074331667028907,6.8756422996521
4,5,0.8146055205390133,7.378330230712891
5,6,0.800043468811128,6.994951009750366
6,7,0.8043903499239295,7.201033592224121
7,8,0.7989567485329276,7.130328893661499
8,9,0.797217996087807,7.686483383178711
9,10,0.7978700282547272,7.282260179519653
