,K,LOO,Time
0,1,0.830471636600739,31.57893991470337
1,2,0.8093892632036513,28.910537481307983
2,3,0.8146055205390133,28.643800973892212
3,4,0.8069984785916106,28.85065460205078
4,5,0.8141708324277331,28.704595804214478
5,6,0.7996087806998479,29.29979109764099
6,7,0.8041730058682895,28.737966060638428
7,8,0.7989567485329276,28.98517394065857
8,9,0.797217996087807,29.10241389274597
9,10,0.7978700282547272,29.11390495300293
