,K,LOO,Time
0,1,0.8311236687676592,511.02986431121826
1,2,0.8093892632036513,507.6754014492035
2,3,0.8150402086502934,508.76509737968445
3,4,0.8074331667028907,487.5271408557892
4,5,0.8146055205390133,468.6926703453064
5,6,0.800043468811128,468.4981200695038
6,7,0.8043903499239295,482.34963178634644
7,8,0.7989567485329276,498.2005968093872
8,9,0.797217996087807,493.21892786026
9,10,0.7978700282547272,473.02929949760437
