,K,LOO,Time
0,1,0.9121930015214084,78.50855469703674
1,2,0.8989350141273637,78.08067011833191
2,3,0.9052379917409259,80.20414996147156
3,4,0.8985003260160834,78.38850212097168
4,5,0.9048033036296458,77.70397758483887
5,6,0.897196261682243,79.05320167541504
6,7,0.9006737665724842,78.89011836051941
7,8,0.8976309497935231,79.75777125358582
8,9,0.8980656379048033,79.6369640827179
9,10,0.8948054770702021,83.26686215400696
