,K,LOO,Time
0,1,0.9128450336883286,6.747251510620117
1,2,0.8989350141273637,4.544543027877808
2,3,0.9052379917409259,4.070637941360474
3,4,0.8985003260160834,4.1600635051727295
4,5,0.9050206476852858,4.184156656265259
5,6,0.8974136057378831,4.221928358078003
6,7,0.9006737665724842,4.346010446548462
7,8,0.8976309497935231,4.431292772293091
8,9,0.8980656379048033,4.378655672073364
9,10,0.8948054770702021,4.321423530578613
